,index,ID,DATE,TO USER ACCOUNT,FROM USER ACCOUNT,REASON,DISMISSED 1,DISMISSED 2,DISMISSED 3,QUANTIFIER 1 USERNAME,QUANTIFIER 2 USERNAME,QUANTIFIER 3 USERNAME,AVG SCORE,MAX SCORE,DISMISSAL AGREED,ORIGINAL MSG
21,829,621f79e243b89009366c8b7a,2021-08-26T22:00:00.000Z,liviade#1387,iviangita#3204,for taking a week of vacay,True,False,False,Sha#6179,tigeroid#2951,Mettodo#7010,18.6,55.0,False,for taking a week of vacay
92,409,621f79e243b89009366c8975,2021-08-12T22:00:00.000Z,iviangita#3204,iviangita#3204,for care and engagement,True,False,False,innov8tor3#3988,Zeptimus#3359,enti#1546,11.67,34.0,False,for care and engagement
94,1073,621f79e243b89009366c8c7f,2021-08-26T22:00:00.000Z,iviangita#3204,acidlazzer#5796,for be the best praise giver!,False,False,True,innov8tor3#3988,Zeptimus#3359,enti#1546,3.8,34.0,False,for be the best praise giver!
183,109,621f79e143b89009366c87be,2021-08-05T22:00:00.000Z,markop#2007,iviangita#3204,for the new figma design for the Commons Config Dashboard,False,True,False,AmwFund#0979,Parrachia#0450,Usua◎ Silver#2618,8.67,21.0,False,for the new figma design for the Commons Config Dashboard
184,483,621f79e243b89009366c89d5,2021-08-15T22:00:00.000Z,iviangita#3204,iviangita#3204,for working on the Twitter content plan this week,True,False,False,innov8tor3#3988,Zeptimus#3359,enti#1546,7.17,21.0,False,for working on the Twitter content plan this week
185,358,621f79e243b89009366c8942,2021-08-12T22:00:00.000Z,iviangita#3204,iviangita#3204,for making the document on requesting/giving access to TEC accounts and updating every detail and being a really nice teammate,True,False,False,innov8tor3#3988,Zeptimus#3359,enti#1546,9.67,21.0,False,for making the document on requesting/giving access to TEC accounts and updating every detail and being a really nice teammate
193,238,621f79e143b89009366c8848,2021-08-05T22:00:00.000Z,chuygarcia.eth#6692,iviangita#3204,for engaging in discussion on the TE Commons Forum (https://forum.tecommons.org) the past week. Thank you for helping our Token Engineering Commons community share and learn! 💪🙏,True,False,False,eduardovegap#0422,Zeptimus#3359,Usua◎ Silver#2618,7.33,21.0,False,for engaging in discussion on the TE Commons Forum (https://forum.tecommons.org) the past week. Thank you for helping our Token Engineering Commons community share and learn! 💪🙏
197,473,621f79e243b89009366c89c9,2021-08-13T22:00:00.000Z,iviangita#3204,iviangita#3204,for Twitter support during the Hatch period 🙏🏼,True,False,False,innov8tor3#3988,Zeptimus#3359,enti#1546,7.17,21.0,False,for Twitter support during the Hatch period 🙏🏼
203,337,621f79e243b89009366c892d,2021-08-12T22:00:00.000Z,iviangita#3204,iviangita#3204,for all their work in making the Hatch happen,True,False,False,innov8tor3#3988,Zeptimus#3359,enti#1546,7.33,21.0,False,for all their work in making the Hatch happen
204,940,621f79e243b89009366c8be9,2021-08-26T22:00:00.000Z,divine_comedian#5493,iviangita#3204,for forum posting,True,False,False,PhilH#1102,acidlazzer#5796,calazki#3961,2.37,21.0,False,for forum posting
358,947,621f79e243b89009366c8bf0,2021-08-26T22:00:00.000Z,iviangita#3204,iviangita#3204,for being so wonderful and helpful all over,True,False,False,innov8tor3#3988,Zeptimus#3359,enti#1546,4.67,13.0,False,for being so wonderful and helpful all over
363,991,621f79e243b89009366c8c1c,2021-08-26T22:00:00.000Z,iviangita#3204,iviangita#3204,"for her work on the database, Twitter and being the praise queen",True,False,False,innov8tor3#3988,Zeptimus#3359,enti#1546,5.33,13.0,False,"for her work on the database, Twitter and being the praise queen"
392,346,621f79e243b89009366c8936,2021-08-12T22:00:00.000Z,iviangita#3204,iviangita#3204,for praising a lot,True,False,True,innov8tor3#3988,Zeptimus#3359,enti#1546,4.33,13.0,False,for praising a lot
397,108,621f79e143b89009366c87bd,2021-08-05T22:00:00.000Z,iviangita#3204,iviangita#3204,for all the work she’s doing for Twitter and sharing around the Hatch SWAGTEC token,True,False,False,innov8tor3#3988,Zeptimus#3359,enti#1546,6.0,13.0,False,for all the work she’s doing for Twitter and sharing around the Hatch SWAGTEC token
526,820,621f79e243b89009366c8b70,2021-08-25T22:00:00.000Z,karmaticacid | AFK til Sept 12#1218,karmaticacid | AFK til Sept 12#1218,for contributing to the TEC hatch what's next post,True,False,False,innov8tor3#3988,acidlazzer#5796,bends#3537,5.33,8.0,False,for contributing to the TEC hatch what's next post
535,350,621f79e243b89009366c893a,2021-08-12T22:00:00.000Z,Tamarandom#9361,iviangita#3204,for taking vacations,True,False,False,osycross(🦎🦎)#5943,Tamarandom#9361,bends#3537,3.0,8.0,False,for taking vacations
536,119,621f79e143b89009366c87c8,2021-08-05T22:00:00.000Z,Tamarandom#9361,iviangita#3204,for taking a well-deserved vacation and holidays,True,False,False,osycross(🦎🦎)#5943,Tamarandom#9361,bends#3537,3.0,8.0,False,for taking a well-deserved vacation and holidays
559,304,621f79e243b89009366c890c,2021-08-12T22:00:00.000Z,ygg_anderson#4998,iviangita#3204,for being outdoors,True,False,False,Sha#6179,acidlazzer#5796,Usua◎ Silver#2618,3.67,8.0,False,for being outdoors
562,204,621f79e143b89009366c881d,2021-08-05T22:00:00.000Z,Zeptimus#3359,Mount Manu#3530,"for staying in the Giveth house (and keeping it clean, just like they found it)",False,False,True,AmwFund#0979,Mount Manu#3530,calazki#3961,4.33,8.0,False,"for staying in the Giveth house (and keeping it clean, just like they found it)"
565,1059,621f79e243b89009366c8c71,2021-08-26T22:00:00.000Z,ZER8🧠#9093,iviangita#3204,for engaging in discussion on the TE Commons Forum (https://forum.tecommons.org) the past week. Thank you for helping our Token Engineering Commons community share and learn! 💪🙏,True,False,False,eduardovegap#0422,Mount Manu#3530,bends#3537,4.33,8.0,False,for engaging in discussion on the TE Commons Forum (https://forum.tecommons.org) the past week. Thank you for helping our Token Engineering Commons community share and learn! 💪🙏
573,237,621f79e143b89009366c8847,2021-08-05T22:00:00.000Z,Juankbell#7458,iviangita#3204,for engaging in discussion on the TE Commons Forum (https://forum.tecommons.org) the past week. Thank you for helping our Token Engineering Commons community share and learn! 💪🙏,True,False,False,eduardovegap#0422,Mount Manu#3530,kristofer#1475,3.0,8.0,False,for engaging in discussion on the TE Commons Forum (https://forum.tecommons.org) the past week. Thank you for helping our Token Engineering Commons community share and learn! 💪🙏
591,458,621f79e243b89009366c89b9,2021-08-12T22:00:00.000Z,Juankbell#7458,iviangita#3204,for engaging in discussion on the TE Commons Forum (https://forum.tecommons.org) the past week. Thank you for helping our Token Engineering Commons community share and learn! 💪🙏,True,False,False,eduardovegap#0422,Mount Manu#3530,kristofer#1475,3.0,8.0,False,for engaging in discussion on the TE Commons Forum (https://forum.tecommons.org) the past week. Thank you for helping our Token Engineering Commons community share and learn! 💪🙏
609,880,621f79e243b89009366c8bad,2021-08-26T22:00:00.000Z,ygg_anderson#4998,iviangita#3204,for doing so much,False,True,False,Sha#6179,acidlazzer#5796,Usua◎ Silver#2618,4.33,8.0,False,for doing so much
715,1069,621f79e243b89009366c8c7b,2021-08-26T22:00:00.000Z,eduardovegap#0422,iviangita#3204,for engaging in discussion on the TE Commons Forum (https://forum.tecommons.org) the past week. Thank you for helping our Token Engineering Commons community share and learn! 💪🙏,True,False,False,PhilH#1102,Parrachia#0450,kristofer#1475,2.0,5.0,False,for engaging in discussion on the TE Commons Forum (https://forum.tecommons.org) the past week. Thank you for helping our Token Engineering Commons community share and learn! 💪🙏
725,975,621f79e243b89009366c8c0c,2021-08-26T22:00:00.000Z,iviangita#3204,iviangita#3204,for setting up the foundation for Hubspot,True,False,False,innov8tor3#3988,Zeptimus#3359,enti#1546,2.67,5.0,False,for setting up the foundation for Hubspot
730,1067,621f79e243b89009366c8c79,2021-08-26T22:00:00.000Z,divine_comedian#5493,iviangita#3204,for engaging in discussion on the TE Commons Forum (https://forum.tecommons.org) the past week. Thank you for helping our Token Engineering Commons community share and learn! 💪🙏,True,False,False,PhilH#1102,acidlazzer#5796,calazki#3961,2.67,5.0,False,for engaging in discussion on the TE Commons Forum (https://forum.tecommons.org) the past week. Thank you for helping our Token Engineering Commons community share and learn! 💪🙏
732,1066,621f79e243b89009366c8c78,2021-08-26T22:00:00.000Z,Juankbell#7458,iviangita#3204,for engaging in discussion on the TE Commons Forum (https://forum.tecommons.org) the past week. Thank you for helping our Token Engineering Commons community share and learn! 💪🙏,True,False,False,eduardovegap#0422,Mount Manu#3530,kristofer#1475,2.0,5.0,False,for engaging in discussion on the TE Commons Forum (https://forum.tecommons.org) the past week. Thank you for helping our Token Engineering Commons community share and learn! 💪🙏
733,1065,621f79e243b89009366c8c77,2021-08-26T22:00:00.000Z,"sem(🌸,🐝)#0161",iviangita#3204,for engaging in discussion on the TE Commons Forum (https://forum.tecommons.org) the past week. Thank you for helping our Token Engineering Commons community share and learn! 💪🙏,True,False,False,PhilH#1102,Mount Manu#3530,calazki#3961,3.33,5.0,False,for engaging in discussion on the TE Commons Forum (https://forum.tecommons.org) the past week. Thank you for helping our Token Engineering Commons community share and learn! 💪🙏
737,1064,621f79e243b89009366c8c76,2021-08-26T22:00:00.000Z,Suga#8514,iviangita#3204,for engaging in discussion on the TE Commons Forum (https://forum.tecommons.org) the past week. Thank you for helping our Token Engineering Commons community share and learn! 💪🙏,True,False,False,eduardovegap#0422,tigeroid#2951,Mettodo#7010,0.5,5.0,False,for engaging in discussion on the TE Commons Forum (https://forum.tecommons.org) the past week. Thank you for helping our Token Engineering Commons community share and learn! 💪🙏
739,873,621f79e243b89009366c8ba6,2021-08-26T22:00:00.000Z,iviangita#3204,iviangita#3204,for all of their contributions in comms,True,False,False,innov8tor3#3988,Zeptimus#3359,enti#1546,1.77,5.0,False,for all of their contributions in comms
743,697,621f79e243b89009366c8aba,2021-08-20T22:00:00.000Z,OddName#8763,iviangita#3204,for mentioning or retweeting TE Commons on the socials the past week! Thank you for helping us grow the Token Engineering Commons community and spreading the message! 🙏🏼☺️,True,False,False,eduardovegap#0422,Mount Manu#3530,kristofer#1475,2.0,5.0,False,for mentioning or retweeting TE Commons on the socials the past week! Thank you for helping us grow the Token Engineering Commons community and spreading the message! 🙏🏼☺️
753,709,621f79e243b89009366c8ac6,2021-08-20T22:00:00.000Z,mafer_cordovas#1034,iviangita#3204,for mentioning or retweeting TE Commons on the socials the past week! Thank you for helping us grow the Token Engineering Commons community and spreading the message! 🙏🏼☺️,True,False,False,PhilH#1102,Mount Manu#3530,kristofer#1475,2.0,5.0,False,for mentioning or retweeting TE Commons on the socials the past week! Thank you for helping us grow the Token Engineering Commons community and spreading the message! 🙏🏼☺️
755,297,621f79e243b89009366c8905,2021-08-12T22:00:00.000Z,iviangita#3204,iviangita#3204,for their great contributions to Comms,True,False,False,innov8tor3#3988,Zeptimus#3359,enti#1546,1.77,5.0,False,for their great contributions to Comms
758,93,621f79e143b89009366c87ae,2021-08-05T22:00:00.000Z,Zeptimus#3359,iviangita#3204,for finally making it back home from Paris,False,False,True,AmwFund#0979,Mount Manu#3530,calazki#3961,2.67,5.0,False,for finally making it back home from Paris
760,283,621f79e243b89009366c88f5,2021-08-11T22:00:00.000Z,karmaticacid | AFK til Sept 12#1218,karmaticacid | AFK til Sept 12#1218,for awesome hatch memes,True,False,False,innov8tor3#3988,acidlazzer#5796,bends#3537,2.67,5.0,False,for awesome hatch memes
769,549,621f79e243b89009366c8a18,2021-08-19T22:00:00.000Z,Tamarandom#9361,iviangita#3204,for taking vacation off,True,False,False,osycross(🦎🦎)#5943,Tamarandom#9361,bends#3537,2.0,5.0,False,for taking vacation off
773,456,621f79e243b89009366c89b7,2021-08-12T22:00:00.000Z,Suga#8514,iviangita#3204,for engaging in discussion on the TE Commons Forum (https://forum.tecommons.org) the past week. Thank you for helping our Token Engineering Commons community share and learn! 💪🙏,True,False,False,eduardovegap#0422,tigeroid#2951,Mettodo#7010,2.0,5.0,False,for engaging in discussion on the TE Commons Forum (https://forum.tecommons.org) the past week. Thank you for helping our Token Engineering Commons community share and learn! 💪🙏
774,455,621f79e243b89009366c89b6,2021-08-12T22:00:00.000Z,gijsspoor#0183,iviangita#3204,for engaging in discussion on the TE Commons Forum (https://forum.tecommons.org) the past week. Thank you for helping our Token Engineering Commons community share and learn! 💪🙏,True,False,False,PhilH#1102,Zeptimus#3359,bends#3537,3.33,5.0,False,for engaging in discussion on the TE Commons Forum (https://forum.tecommons.org) the past week. Thank you for helping our Token Engineering Commons community share and learn! 💪🙏
775,444,621f79e243b89009366c89ab,2021-08-12T22:00:00.000Z,mafer_cordovas#1034,iviangita#3204,for mentioning or retweeting TE Commons on the socials the past week! Thank you for helping us grow the Token Engineering Commons community and spreading the message! 🙏🏼☺️,True,False,False,PhilH#1102,Mount Manu#3530,kristofer#1475,2.0,5.0,False,for mentioning or retweeting TE Commons on the socials the past week! Thank you for helping us grow the Token Engineering Commons community and spreading the message! 🙏🏼☺️
779,663,621f79e243b89009366c8a8a,2021-08-19T22:00:00.000Z,Suga#8514,Mount Manu#3530,for their articles in the forum ✍🏻,True,False,False,eduardovegap#0422,tigeroid#2951,Mettodo#7010,3.33,5.0,False,for their articles in the forum ✍🏻
795,206,621f79e143b89009366c881f,2021-08-05T22:00:00.000Z,Juankbell#7458,Mount Manu#3530,"for staying in the Giveth house (and keeping it clean, just like they found it)",True,False,False,eduardovegap#0422,Mount Manu#3530,kristofer#1475,2.0,5.0,False,"for staying in the Giveth house (and keeping it clean, just like they found it)"
796,125,621f79e143b89009366c87ce,2021-08-05T22:00:00.000Z,natesuits#4789,iviangita#3204,for meeting Eduardo in person,False,True,False,innov8tor3#3988,Parrachia#0450,calazki#3961,2.0,5.0,False,for meeting Eduardo in person
797,120,621f79e143b89009366c87c9,2021-08-05T22:00:00.000Z,Zeptimus#3359,iviangita#3204,for finally making it home,False,False,True,AmwFund#0979,Mount Manu#3530,calazki#3961,1.77,5.0,False,for finally making it home
800,714,621f79e243b89009366c8acb,2021-08-20T22:00:00.000Z,Suga#8514,iviangita#3204,for engaging in discussion on the TE Commons Forum (https://forum.tecommons.org) the past week. Thank you for helping our Token Engineering Commons community share and learn! 💪🙏,True,False,False,eduardovegap#0422,tigeroid#2951,Mettodo#7010,0.5,5.0,False,for engaging in discussion on the TE Commons Forum (https://forum.tecommons.org) the past week. Thank you for helping our Token Engineering Commons community share and learn! 💪🙏
801,712,621f79e243b89009366c8ac9,2021-08-20T22:00:00.000Z,eduardovegap#0422,iviangita#3204,for engaging in discussion on the TE Commons Forum (https://forum.tecommons.org) the past week. Thank you for helping our Token Engineering Commons community share and learn! 💪🙏,True,False,False,PhilH#1102,Parrachia#0450,kristofer#1475,2.0,5.0,False,for engaging in discussion on the TE Commons Forum (https://forum.tecommons.org) the past week. Thank you for helping our Token Engineering Commons community share and learn! 💪🙏
882,851,621f79e243b89009366c8b90,2021-08-26T22:00:00.000Z,Mount Manu#3530,iviangita#3204,for all the CCD parameters forum posts,True,False,False,PhilH#1102,Parrachia#0450,divine_comedian#5493,2.0,3.0,False,for all the CCD parameters forum posts
885,437,621f79e243b89009366c89a4,2021-08-12T22:00:00.000Z,Ekeneodigwe#1502,iviangita#3204,for mentioning or retweeting TE Commons on the socials the past week! Thank you for helping us grow the Token Engineering Commons community and spreading the message! 🙏🏼☺️,True,False,False,PhilH#1102,acidlazzer#5796,Usua◎ Silver#2618,0.43,3.0,False,for mentioning or retweeting TE Commons on the socials the past week! Thank you for helping us grow the Token Engineering Commons community and spreading the message! 🙏🏼☺️
890,711,621f79e243b89009366c8ac8,2021-08-20T22:00:00.000Z,Mount Manu#3530,iviangita#3204,for engaging in discussion on the TE Commons Forum (https://forum.tecommons.org) the past week. Thank you for helping our Token Engineering Commons community share and learn! 💪🙏,True,False,False,PhilH#1102,Parrachia#0450,divine_comedian#5493,1.33,3.0,False,for engaging in discussion on the TE Commons Forum (https://forum.tecommons.org) the past week. Thank you for helping our Token Engineering Commons community share and learn! 💪🙏
891,303,621f79e243b89009366c890b,2021-08-12T22:00:00.000Z,Griff 🔥AFK till Sept 15🔥#8888,iviangita#3204,for being outdoors,False,False,True,teaci#6108,Vyvy-vi#5040,divine_comedian#5493,2.0,3.0,False,for being outdoors
893,1027,621f79e243b89009366c8c40,2021-08-26T22:00:00.000Z,Juankbell#7458,iviangita#3204,"for joining the TEC Community Call 46 <:TEC:835016327542210560> 
https://youtu.be/u09Yq9zDNT8",False,False,True,eduardovegap#0422,Mount Manu#3530,kristofer#1475,1.33,3.0,False,"for joining the TEC Community Call 46 <:TEC:835016327542210560> 
https://youtu.be/u09Yq9zDNT8"
894,776,621f79e243b89009366c8b3a,2021-08-23T22:00:00.000Z,Juankbell#7458,liviade#1387,for joining softgov today 💙,False,False,True,eduardovegap#0422,Mount Manu#3530,kristofer#1475,1.33,3.0,False,for joining softgov today 💙
895,1058,621f79e243b89009366c8c70,2021-08-26T22:00:00.000Z,Mount Manu#3530,iviangita#3204,for engaging in discussion on the TE Commons Forum (https://forum.tecommons.org) the past week. Thank you for helping our Token Engineering Commons community share and learn! 💪🙏,True,False,False,PhilH#1102,Parrachia#0450,divine_comedian#5493,1.33,3.0,False,for engaging in discussion on the TE Commons Forum (https://forum.tecommons.org) the past week. Thank you for helping our Token Engineering Commons community share and learn! 💪🙏
898,324,621f79e243b89009366c8920,2021-08-12T22:00:00.000Z,ygg_anderson#4998,iviangita#3204,for being outdoors,True,False,True,Sha#6179,acidlazzer#5796,Usua◎ Silver#2618,0.1,3.0,False,for being outdoors
899,1070,621f79e243b89009366c8c7c,2021-08-26T22:00:00.000Z,GCF#3655,iviangita#3204,for engaging in discussion on the TE Commons Forum (https://forum.tecommons.org) the past week. Thank you for helping our Token Engineering Commons community share and learn! 💪🙏,True,False,False,eduardovegap#0422,acidlazzer#5796,kristofer#1475,1.33,3.0,False,for engaging in discussion on the TE Commons Forum (https://forum.tecommons.org) the past week. Thank you for helping our Token Engineering Commons community share and learn! 💪🙏
902,696,621f79e243b89009366c8ab9,2021-08-20T22:00:00.000Z,Atotsm#5719,iviangita#3204,for mentioning or retweeting TE Commons on the socials the past week! Thank you for helping us grow the Token Engineering Commons community and spreading the message! 🙏🏼☺️,True,False,False,PhilH#1102,acidlazzer#5796,kristofer#1475,1.33,3.0,False,for mentioning or retweeting TE Commons on the socials the past week! Thank you for helping us grow the Token Engineering Commons community and spreading the message! 🙏🏼☺️
907,134,621f79e143b89009366c87d7,2021-08-05T22:00:00.000Z,Tamarandom#9361,iviangita#3204,for taking vacation and taking her time off seriously,True,False,False,osycross(🦎🦎)#5943,Tamarandom#9361,bends#3537,1.33,3.0,False,for taking vacation and taking her time off seriously
908,877,621f79e243b89009366c8baa,2021-08-26T22:00:00.000Z,iviangita#3204,iviangita#3204,for a lot of everything that we do,True,False,False,innov8tor3#3988,Zeptimus#3359,enti#1546,1.33,3.0,False,for a lot of everything that we do
909,459,621f79e243b89009366c89ba,2021-08-12T22:00:00.000Z,Griff 🔥AFK till Sept 15🔥#8888,iviangita#3204,for engaging in discussion on the TE Commons Forum (https://forum.tecommons.org) the past week. Thank you for helping our Token Engineering Commons community share and learn! 💪🙏,False,False,True,teaci#6108,Vyvy-vi#5040,divine_comedian#5493,1.33,3.0,False,for engaging in discussion on the TE Commons Forum (https://forum.tecommons.org) the past week. Thank you for helping our Token Engineering Commons community share and learn! 💪🙏
917,220,621f79e143b89009366c8835,2021-08-05T22:00:00.000Z,Juankbell#7458,iviangita#3204,for attending the Legal WG meeting,False,False,True,eduardovegap#0422,Mount Manu#3530,kristofer#1475,1.33,3.0,False,for attending the Legal WG meeting
920,443,621f79e243b89009366c89aa,2021-08-12T22:00:00.000Z,taxil#8577,iviangita#3204,for mentioning or retweeting TE Commons on the socials the past week! Thank you for helping us grow the Token Engineering Commons community and spreading the message! 🙏🏼☺️,True,False,False,PhilH#1102,acidlazzer#5796,Mettodo#7010,1.33,3.0,False,for mentioning or retweeting TE Commons on the socials the past week! Thank you for helping us grow the Token Engineering Commons community and spreading the message! 🙏🏼☺️
921,704,621f79e243b89009366c8ac1,2021-08-20T22:00:00.000Z,Lin#3884,iviangita#3204,for mentioning or retweeting TE Commons on the socials the past week! Thank you for helping us grow the Token Engineering Commons community and spreading the message! 🙏🏼☺️,True,False,False,PhilH#1102,acidlazzer#5796,bends#3537,1.33,3.0,False,for mentioning or retweeting TE Commons on the socials the past week! Thank you for helping us grow the Token Engineering Commons community and spreading the message! 🙏🏼☺️
923,1046,621f79e243b89009366c8c63,2021-08-26T22:00:00.000Z,Atotsm#5719,iviangita#3204,for mentioning or retweeting TE Commons on the socials the past week! Thank you for helping us grow the Token Engineering Commons community and spreading the message! 🙏🏼☺️,True,False,False,PhilH#1102,acidlazzer#5796,kristofer#1475,0.43,3.0,False,for mentioning or retweeting TE Commons on the socials the past week! Thank you for helping us grow the Token Engineering Commons community and spreading the message! 🙏🏼☺️
927,716,621f79e243b89009366c8acd,2021-08-20T22:00:00.000Z,iviangita#3204,iviangita#3204,for engaging in discussion on the TE Commons Forum (https://forum.tecommons.org) the past week. Thank you for helping our Token Engineering Commons community share and learn! 💪🙏,True,False,False,innov8tor3#3988,Zeptimus#3359,enti#1546,1.33,3.0,False,for engaging in discussion on the TE Commons Forum (https://forum.tecommons.org) the past week. Thank you for helping our Token Engineering Commons community share and learn! 💪🙏
928,229,621f79e143b89009366c883f,2021-08-05T22:00:00.000Z,Ekeneodigwe#1502,iviangita#3204,for mentioning or retweeting TE Commons on the socials the past week! Thank you for helping us grow the Token Engineering Commons community and spreading the message! 🙏🏼☺️,True,False,False,PhilH#1102,acidlazzer#5796,Usua◎ Silver#2618,1.33,3.0,False,for mentioning or retweeting TE Commons on the socials the past week! Thank you for helping us grow the Token Engineering Commons community and spreading the message! 🙏🏼☺️
1023,217,621f79e143b89009366c8832,2021-08-05T22:00:00.000Z,iviangita#3204,iviangita#3204,for attending the Legal WG meeting,True,False,False,innov8tor3#3988,Zeptimus#3359,enti#1546,0.67,1.0,False,for attending the Legal WG meeting
1024,224,621f79e143b89009366c8839,2021-08-05T22:00:00.000Z,iviangita#3204,iviangita#3204,for attending the Legal WG meeting,True,False,False,innov8tor3#3988,Zeptimus#3359,enti#1546,0.07,1.0,False,for attending the Legal WG meeting
1025,479,621f79e243b89009366c89d1,2021-08-15T22:00:00.000Z,iviangita#3204,iviangita#3204,for joining the Transparency WG sync call,True,False,False,innov8tor3#3988,Zeptimus#3359,enti#1546,0.67,1.0,False,for joining the Transparency WG sync call
1026,702,621f79e243b89009366c8abf,2021-08-20T22:00:00.000Z,acidlazzer#5796,iviangita#3204,for mentioning or retweeting TE Commons on the socials the past week! Thank you for helping us grow the Token Engineering Commons community and spreading the message! 🙏🏼☺️,False,False,True,AmwFund#0979,Tamarandom#9361,divine_comedian#5493,0.67,1.0,False,for mentioning or retweeting TE Commons on the socials the past week! Thank you for helping us grow the Token Engineering Commons community and spreading the message! 🙏🏼☺️
1027,1023,621f79e243b89009366c8c3c,2021-08-26T22:00:00.000Z,durgadas#9280,iviangita#3204,"for joining the TEC Community Call 46 <:TEC:835016327542210560> 
https://youtu.be/u09Yq9zDNT8",False,True,False,Sha#6179,Parrachia#0450,Mettodo#7010,0.67,1.0,False,"for joining the TEC Community Call 46 <:TEC:835016327542210560> 
https://youtu.be/u09Yq9zDNT8"
1028,893,621f79e243b89009366c8bba,2021-08-26T22:00:00.000Z,iviangita#3204,iviangita#3204,for all the upcoming comms projects that Chuy is excited about,True,False,False,innov8tor3#3988,Zeptimus#3359,enti#1546,0.67,1.0,False,for all the upcoming comms projects that Chuy is excited about
1029,785,621f79e243b89009366c8b43,2021-08-23T22:00:00.000Z,natesuits#4789,liviade#1387,for joining softgov today 💙,False,True,False,innov8tor3#3988,Parrachia#0450,calazki#3961,0.07,1.0,False,for joining softgov today 💙
1030,782,621f79e243b89009366c8b40,2021-08-23T22:00:00.000Z,eduardovegap#0422,liviade#1387,for joining softgov today 💙,False,True,True,PhilH#1102,Parrachia#0450,kristofer#1475,0.03,1.0,False,for joining softgov today 💙
1031,440,621f79e243b89009366c89a7,2021-08-12T22:00:00.000Z,acidlazzer#5796,iviangita#3204,for mentioning or retweeting TE Commons on the socials the past week! Thank you for helping us grow the Token Engineering Commons community and spreading the message! 🙏🏼☺️,False,False,True,AmwFund#0979,Tamarandom#9361,divine_comedian#5493,0.67,1.0,False,for mentioning or retweeting TE Commons on the socials the past week! Thank you for helping us grow the Token Engineering Commons community and spreading the message! 🙏🏼☺️
1032,92,621f79e143b89009366c87ad,2021-08-05T22:00:00.000Z,natesuits#4789,iviangita#3204,for finally making it back home from Paris,False,True,True,innov8tor3#3988,Parrachia#0450,calazki#3961,0.33,1.0,False,for finally making it back home from Paris
1033,1036,621f79e243b89009366c8c49,2021-08-26T22:00:00.000Z,natesuits#4789,iviangita#3204,"for joining the TEC Community Call 46 <:TEC:835016327542210560> 
https://youtu.be/u09Yq9zDNT8",False,True,False,innov8tor3#3988,Parrachia#0450,calazki#3961,0.07,1.0,False,"for joining the TEC Community Call 46 <:TEC:835016327542210560> 
https://youtu.be/u09Yq9zDNT8"
1034,232,621f79e143b89009366c8842,2021-08-05T22:00:00.000Z,Mount Manu#3530,iviangita#3204,for mentioning or retweeting TE Commons on the socials the past week! Thank you for helping us grow the Token Engineering Commons community and spreading the message! 🙏🏼☺️,True,False,False,PhilH#1102,Parrachia#0450,divine_comedian#5493,0.67,1.0,False,for mentioning or retweeting TE Commons on the socials the past week! Thank you for helping us grow the Token Engineering Commons community and spreading the message! 🙏🏼☺️
1035,715,621f79e243b89009366c8acc,2021-08-20T22:00:00.000Z,acidlazzer#5796,iviangita#3204,for engaging in discussion on the TE Commons Forum (https://forum.tecommons.org) the past week. Thank you for helping our Token Engineering Commons community share and learn! 💪🙏,False,False,True,AmwFund#0979,Tamarandom#9361,divine_comedian#5493,0.67,1.0,False,for engaging in discussion on the TE Commons Forum (https://forum.tecommons.org) the past week. Thank you for helping our Token Engineering Commons community share and learn! 💪🙏
1036,1024,621f79e243b89009366c8c3d,2021-08-26T22:00:00.000Z,eduardovegap#0422,iviangita#3204,"for joining the TEC Community Call 46 <:TEC:835016327542210560> 
https://youtu.be/u09Yq9zDNT8",False,True,False,PhilH#1102,Parrachia#0450,kristofer#1475,0.37,1.0,False,"for joining the TEC Community Call 46 <:TEC:835016327542210560> 
https://youtu.be/u09Yq9zDNT8"
1037,771,621f79e243b89009366c8b35,2021-08-23T22:00:00.000Z,natesuits#4789,liviade#1387,for joining softgov today 💙,False,True,False,innov8tor3#3988,Parrachia#0450,calazki#3961,0.67,1.0,False,for joining softgov today 💙
